yyyymm,Actual_ha,Pred_RF_ha
2024-01,203.009,43.4579995710575
2024-02,241.464,45.0323528488822
2024-03,106.077,60.3240256206277
2024-04,481.895,13.9889611212212
2024-05,255.408,14.1532060947657
2024-06,261.72,29.9533620460706
2024-07,148.104,1.76693815583312
2024-08,579.863,4.43171188234674
2024-09,128.696,16.7669746779436
2024-10,205.646,21.4621403885158
2024-11,290.203,34.958364826798
2024-12,226.024,16.4873468501726
