yyyymm,Actual_ha,Pred_RF_ha
2024-01,1.979,1.72433622807639
2024-02,3.924,1.34088145436557
2024-03,1.984,2.0332547501373
2024-04,6.487,1.91554855823515
2024-05,12.449,2.31165245148289
2024-06,7.617,1.37667563616418
2024-07,3.753,0.965913284973937
2024-08,14.586,1.05543581581869
2024-09,5.211,0.819920464384262
2024-10,2.814,2.97243448967392
2024-11,4.516,1.82990713149679
2024-12,2.792,1.12812488348464
