yyyymm,Residual_ha
2024-01,0.254663771923612
2024-02,2.58311854563443
2024-03,-0.0492547501373006
2024-04,4.57145144176485
2024-05,10.1373475485171
2024-06,6.24032436383581
2024-07,2.78708671502606
2024-08,13.5305641841813
2024-09,4.39107953561574
2024-10,-0.158434489673924
2024-11,2.68609286850321
2024-12,1.66387511651536
