yyyymm,Residual_ha
2024-01,159.551000428942
2024-02,196.431647151118
2024-03,45.7529743793723
2024-04,467.906038878779
2024-05,241.254793905234
2024-06,231.76663795393
2024-07,146.337061844167
2024-08,575.431288117654
2024-09,111.929025322056
2024-10,184.183859611484
2024-11,255.244635173202
2024-12,209.536653149827
