figure,x,y,slope,intercept,r2,n
fig1_burn_vs_density.png,TreeDensity,result,0.737691176470588,-22.7339215686274,0.255879276108812,204
fig2_burn_vs_windspeed.png,WindSpeed,result,0.068852717492178,19.9630532717915,0.00031110796272682,204
fig3_ticks_vs_burn.png,result,ticks,2.55065493102568,17.9298666265147,0.652559475015189,204
fig4_burn_vs_baseprob.png,BaseSpreadProbability,result,0.554981699346405,-3.44662745098039,0.271546701960652,204
